sessao_id,local,carregador,usuario,unidade,inicio,fim,kwh_consumido,tarifa_kwh,valor_energia,valor_taxa,desconto,valor_total,status,origem_dado,ia_score,ia_anomalia
S-0012,Estacionamento Centro,EVSE-07,Diego Martins,Vaga Avulsa,2026-06-11T14:00:00,2026-06-11T16:06:00,12.6,1.35,17.01,5.55,0.0,22.56,fechada,manual,33.9,False
S-0011,Condominio Solar,EVSE-01,Teste de Anomalia,Apto 999,2026-06-10T12:00:00,2026-06-10T13:00:00,65.0,0.92,59.8,9.18,0.0,68.98,fechada,csv,100.0,True
S-0010,Frota Interna,EVSE-11,Equipe Operacao,Centro Custo 20,2026-06-09T07:10:00,2026-06-09T09:10:00,13.4,0.88,11.79,0.59,0.0,12.38,fechada,carregador,12.1,False
S-0009,Condominio Solar,EVSE-01,Ana Souza,Apto 101,2026-06-08T19:00:00,2026-06-08T21:45:00,17.9,0.92,16.47,3.98,0.0,20.45,fechada,csv,20.6,False
S-0008,Condominio Solar,EVSE-02,Carla Dias,Apto 305,2026-06-07T08:00:00,2026-06-07T09:30:00,9.6,0.92,8.83,3.06,0.0,11.89,fechada,carregador,22.9,False
S-0007,Condominio Solar,EVSE-01,Bruno Lima,Apto 204,2026-06-06T18:00:00,2026-06-06T21:00:00,21.3,0.92,19.6,4.35,0.0,23.95,fechada,carregador,18.4,False
S-0006,Condominio Solar,EVSE-02,Ana Souza,Apto 101,2026-06-05T18:55:00,,0.0,0.92,0.0,0.0,0.0,0.0,pendente,carregador,0.0,False
S-0005,Frota Interna,EVSE-11,Equipe Operacao,Centro Custo 20,2026-06-04T07:30:00,2026-06-04T09:45:00,14.8,0.88,13.02,0.65,0.0,13.67,fechada,carregador,13.4,False
S-0004,Estacionamento Centro,EVSE-07,Diego Martins,Vaga Avulsa,2026-06-03T13:15:00,2026-06-03T14:05:00,6.1,1.35,8.24,4.24,0.0,12.48,fechada,manual,46.7,False
S-0003,Condominio Solar,EVSE-01,Carla Dias,Apto 305,2026-06-02T21:00:00,2026-06-03T00:30:00,16.2,0.92,14.9,3.79,0.0,18.69,fechada,csv,22.7,False
S-0002,Condominio Solar,EVSE-02,Bruno Lima,Apto 204,2026-06-02T08:05:00,2026-06-02T10:20:00,11.75,0.92,10.81,3.3,0.0,14.11,fechada,carregador,13.5,False
S-0001,Condominio Solar,EVSE-01,Ana Souza,Apto 101,2026-06-01T19:10:00,2026-06-01T22:40:00,18.4,0.92,16.93,4.03,0.0,20.96,fechada,carregador,19.0,False
